[
    {
      "name": "Aliva Priva Jardin",
      "price": "47,043",
      "detail": "Jakarta Garden City Street, Cakung. Pulo Gadung, Jakarta Timur, DKI Jakarta",
      "image": "./r1.png"
    },
    {
      "name": "Asatti Garden City",
      "price": "66,353",
      "detail": "Pahlawan Street XVII No.215, Cinangka, Sawangan, Depok, Jawa Barat",
      "image": "./r2.png"
    },
    {
      "name": "Citralan Puri Serang",
      "price": "35,853",
      "detail": "Ruko Puri Indah Residence Block A7, Lingkar Street, Ciracas, Serang, Banten",
      "image": "./r3.png"
    },
    {
      "name": "Aliva Priva Jardin",
      "price": "47,043",
      "detail": "Jakarta Garden City Street, Cakung. Pulo Gadung, Jakarta Timur, DKI Jakarta",
      "image": "./r1.png"
    },
    {
      "name": "Asatti Garden City",
      "price": "66,353",
      "detail": "Pahlawan Street XVII No.215, Cinangka, Sawangan, Depok, Jawa Barat",
      "image": "./r2.png"
    },
    {
      "name": "Citralan Puri Serang",
      "price": "35,853",
      "detail": "Ruko Puri Indah Residence Block A7, Lingkar Street, Ciracas, Serang, Banten",
      "image": "./r3.png"
    },
    {
      "name": "Aliva Priva Jardin",
      "price": "47,043",
      "detail": "Jakarta Garden City Street, Cakung. Pulo Gadung, Jakarta Timur, DKI Jakarta",
      "image": "./r1.png"
    },
    {
      "name": "Asatti Garden City",
      "price": "66,353",
      "detail": "Pahlawan Street XVII No.215, Cinangka, Sawangan, Depok, Jawa Barat",
      "image": "./r2.png"
    },
    {
      "name": "Citralan Puri Serang",
      "price": "35,853",
      "detail": "Ruko Puri Indah Residence Block A7, Lingkar Street, Ciracas, Serang, Banten",
      "image": "./r3.png"
    },
    {
      "name": "Aliva Priva Jardin",
      "price": "47,043",
      "detail": "Jakarta Garden City Street, Cakung. Pulo Gadung, Jakarta Timur, DKI Jakarta",
      "image": "./r1.png"
    },
    {
      "name": "Asatti Garden City",
      "price": "66,353",
      "detail": "Pahlawan Street XVII No.215, Cinangka, Sawangan, Depok, Jawa Barat",
      "image": "./r2.png"
    },
    {
      "name": "Citralan Puri Serang",
      "price": "35,853",
      "detail": "Ruko Puri Indah Residence Block A7, Lingkar Street, Ciracas, Serang, Banten",
      "image": "./r3.png"
    }
  ]